{"offset": 8.539999999999978, "sim_mean": 93.53999999999998, "n": 100}