{"fc_b_001": 86.5, "fc_b_002": 86.5, "fc_b_003": 86.5, "fc_b_004": 86.5, "fc_b_005": 86.5, "fc_b_006": 86.5, "fc_b_007": 86.5, "fc_b_008": 86.5, "fc_b_009": 86.0, "fc_b_010": 86.5, "fc_b_011": 91.5, "fc_b_012": 88.16666666666666, "fc_b_013": 86.5, "fc_b_014": 91.5, "fc_b_015": 91.5, "fc_b_016": 91.5, "fc_b_017": 88.16666666666666, "fc_b_018": 86.5, "fc_b_019": 86.5, "fc_b_020": 91.5, "fin_b_001": 90.66666666666666, "fin_b_002": 88.16666666666666, "fin_b_003": 86.5, "fin_b_004": 88.16666666666667, "fin_b_005": 86.5, "fin_b_006": 86.5, "fin_b_007": 86.5, "fin_b_008": 86.5, "fin_b_009": 86.5, "fin_b_010": 86.5, "fin_b_011": 86.5, "fin_b_012": 86.5, "fin_b_013": 91.5, "fin_b_014": 89.0, "fin_b_015": 91.5, "fin_b_016": 91.5, "fin_b_017": 91.5, "fin_b_018": 86.5, "fin_b_019": 91.5, "fin_b_020": 86.5, "ins_b_001": 91.5, "ins_b_002": 86.5, "ins_b_003": 91.5, "ins_b_004": 86.5, "ins_b_005": 86.5, "ins_b_006": 86.5, "ins_b_007": 87.66666666666666, "ins_b_008": 86.5, "ins_b_009": 86.5, "ins_b_010": 86.5, "ins_b_011": 91.5, "ins_b_012": 86.5, "ins_b_013": 91.5, "ins_b_014": 86.5, "ins_b_015": 86.5, "ins_b_016": 86.5, "ins_b_017": 88.1, "ins_b_018": 86.5, "ins_b_019": 91.5, "ins_b_020": 86.5, "reg_b_001": 86.5, "reg_b_003": 91.5, "reg_b_004": 91.5, "reg_b_005": 86.5, "reg_b_007": 88.16666666666666, "reg_b_008": 86.5, "reg_b_009": 86.5, "reg_b_013": 86.5, "reg_b_014": 88.16666666666666, "reg_b_015": 83.8, "reg_b_016": 91.5, "reg_b_017": 86.5, "reg_b_018": 86.5, "reg_b_020": 86.5, "reg_b_021": 86.5, "reg_b_023": 86.5, "reg_b_024": 83.8, "reg_b_025": 86.5, "reg_b_026": 86.5, "reg_b_027": 84.33333333333333, "res_b_001": 86.5, "res_b_002": 85.1, "res_b_003": 86.5, "res_b_004": 86.5, "res_b_005": 91.5, "res_b_006": 86.5, "res_b_007": 91.5, "res_b_008": 83.8, "res_b_009": 86.5, "res_b_010": 86.5, "res_b_011": 86.5, "res_b_012": 91.5, "res_b_013": 83.8, "res_b_014": 87.3, "res_b_015": 86.5, "res_b_016": 85.5, "res_b_017": 85.1, "res_b_018": 86.0, "res_b_019": 86.5, "res_b_020": 85.1}