{"fc_b_001": 83.83333333333333, "fc_b_002": 91.5, "fc_b_003": 84.83333333333333, "fc_b_004": 64.83333333333333, "fc_b_005": -1, "fc_b_006": 84.83333333333333, "fc_b_007": -1, "fc_b_008": 83.83333333333333, "fc_b_009": 84.83333333333333, "fc_b_010": 83.83333333333333, "fc_b_011": 91.5, "fc_b_012": 84.83333333333333, "fc_b_013": 84.83333333333333, "fc_b_014": 91.5, "fc_b_015": 91.5, "fc_b_016": 91.5, "fc_b_017": 91.5, "fc_b_018": 84.83333333333333, "fc_b_019": 84.83333333333333, "fc_b_020": 91.5, "fin_b_001": 91.5, "fin_b_002": 88.16666666666667, "fin_b_003": 36.5, "fin_b_004": -1, "fin_b_005": 83.83333333333333, "fin_b_006": 84.83333333333333, "fin_b_007": 69.83333333333333, "fin_b_008": 84.83333333333333, "fin_b_009": 36.5, "fin_b_010": -1, "fin_b_011": -1, "fin_b_012": -1, "fin_b_013": -1, "fin_b_014": 79.83333333333333, "fin_b_015": -1, "fin_b_016": 86.5, "fin_b_017": 91.5, "fin_b_018": -1, "fin_b_019": -1, "fin_b_020": -1, "ins_b_001": -1, "ins_b_002": 88.16666666666667, "ins_b_003": -1, "ins_b_004": 83.83333333333333, "ins_b_005": 49.833333333333336, "ins_b_006": 21.5, "ins_b_007": 91.5, "ins_b_008": 64.83333333333333, "ins_b_009": 84.83333333333333, "ins_b_010": 81.5, "ins_b_011": 91.5, "ins_b_012": 84.83333333333333, "ins_b_013": 91.5, "ins_b_014": 83.83333333333333, "ins_b_015": 84.83333333333333, "ins_b_016": 84.83333333333333, "ins_b_017": 73.16666666666667, "ins_b_018": 84.83333333333333, "ins_b_019": 41.5, "ins_b_020": 83.83333333333333, "reg_b_001": 81.5, "reg_b_003": 91.5, "reg_b_004": 91.5, "reg_b_005": 83.83333333333333, "reg_b_007": 91.5, "reg_b_008": 83.83333333333333, "reg_b_009": 84.83333333333333, "reg_b_013": -1, "reg_b_014": 89.83333333333333, "reg_b_015": -1, "reg_b_016": 91.5, "reg_b_017": 91.5, "reg_b_018": 84.83333333333333, "reg_b_020": 84.83333333333333, "reg_b_021": -1, "reg_b_023": -1, "reg_b_024": 83.83333333333333, "reg_b_025": 84.83333333333333, "reg_b_026": 83.83333333333333, "reg_b_027": 83.83333333333333, "res_b_001": 83.83333333333333, "res_b_002": 83.83333333333333, "res_b_003": 83.83333333333333, "res_b_004": 83.83333333333333, "res_b_005": -1, "res_b_006": 83.83333333333333, "res_b_007": -1, "res_b_008": 83.83333333333333, "res_b_009": 83.83333333333333, "res_b_010": 83.16666666666667, "res_b_011": 83.83333333333333, "res_b_012": 91.5, "res_b_013": 83.83333333333333, "res_b_014": 83.83333333333333, "res_b_015": -1, "res_b_016": 83.83333333333333, "res_b_017": 83.83333333333333, "res_b_018": 83.83333333333333, "res_b_019": 83.83333333333333, "res_b_020": 84.83333333333333}