{"A\u56fa\u5b9a\u95ed\u5408": [85.83333333333333, 80.5, 91.5, 83.83333333333333, 69.83333333333333, 84.83333333333333, 85.83333333333333, 74.83333333333333, 85.83333333333333, 71.5, 87.83333333333333, 83.83333333333333], "B\u53d8\u594f\u95ed\u5408": [85.83333333333333, 73.16666666666667, 85.83333333333333, 84.83333333333333, 64.83333333333333, 83.83333333333333, 85.83333333333333, 83.16666666666667, 85.83333333333333, 85.83333333333333, 85.83333333333333, 85.83333333333333]}